[{"model": "auth.permission", "pk": 1, "fields": {"name": "Can add log entry", "content_type": 1, "codename": "add_logentry"}}, {"model": "auth.permission", "pk": 2, "fields": {"name": "Can change log entry", "content_type": 1, "codename": "change_logentry"}}, {"model": "auth.permission", "pk": 3, "fields": {"name": "Can delete log entry", "content_type": 1, "codename": "delete_logentry"}}, {"model": "auth.permission", "pk": 4, "fields": {"name": "Can view log entry", "content_type": 1, "codename": "view_logentry"}}, {"model": "auth.permission", "pk": 5, "fields": {"name": "Can add permission", "content_type": 2, "codename": "add_permission"}}, {"model": "auth.permission", "pk": 6, "fields": {"name": "Can change permission", "content_type": 2, "codename": "change_permission"}}, {"model": "auth.permission", "pk": 7, "fields": {"name": "Can delete permission", "content_type": 2, "codename": "delete_permission"}}, {"model": "auth.permission", "pk": 8, "fields": {"name": "Can view permission", "content_type": 2, "codename": "view_permission"}}, {"model": "auth.permission", "pk": 9, "fields": {"name": "Can add group", "content_type": 3, "codename": "add_group"}}, {"model": "auth.permission", "pk": 10, "fields": {"name": "Can change group", "content_type": 3, "codename": "change_group"}}, {"model": "auth.permission", "pk": 11, "fields": {"name": "Can delete group", "content_type": 3, "codename": "delete_group"}}, {"model": "auth.permission", "pk": 12, "fields": {"name": "Can view group", "content_type": 3, "codename": "view_group"}}, {"model": "auth.permission", "pk": 13, "fields": {"name": "Can add user", "content_type": 4, "codename": "add_user"}}, {"model": "auth.permission", "pk": 14, "fields": {"name": "Can change user", "content_type": 4, "codename": "change_user"}}, {"model": "auth.permission", "pk": 15, "fields": {"name": "Can delete user", "content_type": 4, "codename": "delete_user"}}, {"model": "auth.permission", "pk": 16, "fields": {"name": "Can view user", "content_type": 4, "codename": "view_user"}}, {"model": "auth.permission", "pk": 17, "fields": {"name": "Can add content type", "content_type": 5, "codename": "add_contenttype"}}, {"model": "auth.permission", "pk": 18, "fields": {"name": "Can change content type", "content_type": 5, "codename": "change_contenttype"}}, {"model": "auth.permission", "pk": 19, "fields": {"name": "Can delete content type", "content_type": 5, "codename": "delete_contenttype"}}, {"model": "auth.permission", "pk": 20, "fields": {"name": "Can view content type", "content_type": 5, "codename": "view_contenttype"}}, {"model": "auth.permission", "pk": 21, "fields": {"name": "Can add session", "content_type": 6, "codename": "add_session"}}, {"model": "auth.permission", "pk": 22, "fields": {"name": "Can change session", "content_type": 6, "codename": "change_session"}}, {"model": "auth.permission", "pk": 23, "fields": {"name": "Can delete session", "content_type": 6, "codename": "delete_session"}}, {"model": "auth.permission", "pk": 24, "fields": {"name": "Can view session", "content_type": 6, "codename": "view_session"}}, {"model": "auth.permission", "pk": 25, "fields": {"name": "Can add order", "content_type": 7, "codename": "add_order"}}, {"model": "auth.permission", "pk": 26, "fields": {"name": "Can change order", "content_type": 7, "codename": "change_order"}}, {"model": "auth.permission", "pk": 27, "fields": {"name": "Can delete order", "content_type": 7, "codename": "delete_order"}}, {"model": "auth.permission", "pk": 28, "fields": {"name": "Can view order", "content_type": 7, "codename": "view_order"}}, {"model": "auth.permission", "pk": 29, "fields": {"name": "Can add order item", "content_type": 8, "codename": "add_orderitem"}}, {"model": "auth.permission", "pk": 30, "fields": {"name": "Can change order item", "content_type": 8, "codename": "change_orderitem"}}, {"model": "auth.permission", "pk": 31, "fields": {"name": "Can delete order item", "content_type": 8, "codename": "delete_orderitem"}}, {"model": "auth.permission", "pk": 32, "fields": {"name": "Can view order item", "content_type": 8, "codename": "view_orderitem"}}, {"model": "auth.permission", "pk": 33, "fields": {"name": "Can add category", "content_type": 9, "codename": "add_category"}}, {"model": "auth.permission", "pk": 34, "fields": {"name": "Can change category", "content_type": 9, "codename": "change_category"}}, {"model": "auth.permission", "pk": 35, "fields": {"name": "Can delete category", "content_type": 9, "codename": "delete_category"}}, {"model": "auth.permission", "pk": 36, "fields": {"name": "Can view category", "content_type": 9, "codename": "view_category"}}, {"model": "auth.permission", "pk": 37, "fields": {"name": "Can add drink", "content_type": 10, "codename": "add_drink"}}, {"model": "auth.permission", "pk": 38, "fields": {"name": "Can change drink", "content_type": 10, "codename": "change_drink"}}, {"model": "auth.permission", "pk": 39, "fields": {"name": "Can delete drink", "content_type": 10, "codename": "delete_drink"}}, {"model": "auth.permission", "pk": 40, "fields": {"name": "Can view drink", "content_type": 10, "codename": "view_drink"}}, {"model": "auth.permission", "pk": 41, "fields": {"name": "Can add product", "content_type": 11, "codename": "add_product"}}, {"model": "auth.permission", "pk": 42, "fields": {"name": "Can change product", "content_type": 11, "codename": "change_product"}}, {"model": "auth.permission", "pk": 43, "fields": {"name": "Can delete product", "content_type": 11, "codename": "delete_product"}}, {"model": "auth.permission", "pk": 44, "fields": {"name": "Can view product", "content_type": 11, "codename": "view_product"}}, {"model": "auth.permission", "pk": 45, "fields": {"name": "Can add product store info", "content_type": 12, "codename": "add_productstoreinfo"}}, {"model": "auth.permission", "pk": 46, "fields": {"name": "Can change product store info", "content_type": 12, "codename": "change_productstoreinfo"}}, {"model": "auth.permission", "pk": 47, "fields": {"name": "Can delete product store info", "content_type": 12, "codename": "delete_productstoreinfo"}}, {"model": "auth.permission", "pk": 48, "fields": {"name": "Can view product store info", "content_type": 12, "codename": "view_productstoreinfo"}}, {"model": "auth.permission", "pk": 49, "fields": {"name": "Can add store", "content_type": 13, "codename": "add_store"}}, {"model": "auth.permission", "pk": 50, "fields": {"name": "Can change store", "content_type": 13, "codename": "change_store"}}, {"model": "auth.permission", "pk": 51, "fields": {"name": "Can delete store", "content_type": 13, "codename": "delete_store"}}, {"model": "auth.permission", "pk": 52, "fields": {"name": "Can view store", "content_type": 13, "codename": "view_store"}}, {"model": "auth.user", "pk": 1, "fields": {"password": "pbkdf2_sha256$600000$6VDCIVFhEH8pZGimXrK9An$Sd5CotQfxBuZYqrNbSgqYboAl8h9gt44uljQqE+ZSn0=", "last_login": null, "is_superuser": false, "username": "arjun", "first_name": "", "last_name": "", "email": "arjun@gmail.com", "is_staff": false, "is_active": true, "date_joined": "2023-07-22T22:57:45.290Z", "groups": [], "user_permissions": []}}, {"model": "auth.user", "pk": 2, "fields": {"password": "pbkdf2_sha256$600000$j0XMDlKj8Xt8LBKcvGARgI$jB+XCw+7TO8oPMvMw0vWFsmroIw8teJnkgXoU7pPJTc=", "last_login": null, "is_superuser": false, "username": "dev", "first_name": "", "last_name": "", "email": "dev@gmail.com", "is_staff": false, "is_active": true, "date_joined": "2023-07-22T22:57:45.465Z", "groups": [], "user_permissions": []}}, {"model": "contenttypes.contenttype", "pk": 1, "fields": {"app_label": "admin", "model": "logentry"}}, {"model": "contenttypes.contenttype", "pk": 2, "fields": {"app_label": "auth", "model": "permission"}}, {"model": "contenttypes.contenttype", "pk": 3, "fields": {"app_label": "auth", "model": "group"}}, {"model": "contenttypes.contenttype", "pk": 4, "fields": {"app_label": "auth", "model": "user"}}, {"model": "contenttypes.contenttype", "pk": 5, "fields": {"app_label": "contenttypes", "model": "contenttype"}}, {"model": "contenttypes.contenttype", "pk": 6, "fields": {"app_label": "sessions", "model": "session"}}, {"model": "contenttypes.contenttype", "pk": 7, "fields": {"app_label": "order", "model": "order"}}, {"model": "contenttypes.contenttype", "pk": 8, "fields": {"app_label": "order", "model": "orderitem"}}, {"model": "contenttypes.contenttype", "pk": 9, "fields": {"app_label": "product", "model": "category"}}, {"model": "contenttypes.contenttype", "pk": 10, "fields": {"app_label": "product", "model": "drink"}}, {"model": "contenttypes.contenttype", "pk": 11, "fields": {"app_label": "product", "model": "product"}}, {"model": "contenttypes.contenttype", "pk": 12, "fields": {"app_label": "product", "model": "productstoreinfo"}}, {"model": "contenttypes.contenttype", "pk": 13, "fields": {"app_label": "stores", "model": "store"}}, {"model": "order.order", "pk": 1, "fields": {"address": "54 lane st", "contact": "123-456-7890", "status": "Available", "ordered_at": "2023-07-24T16:06:13.176Z"}}, {"model": "product.category", "pk": 1, "fields": {"name": "Wine", "parent": null, "lft": 1, "rght": 6, "tree_id": 1, "level": 0}}, {"model": "product.category", "pk": 2, "fields": {"name": "Beer", "parent": null, "lft": 1, "rght": 6, "tree_id": 2, "level": 0}}, {"model": "product.category", "pk": 3, "fields": {"name": "Liqour", "parent": null, "lft": 1, "rght": 8, "tree_id": 3, "level": 0}}, {"model": "product.category", "pk": 4, "fields": {"name": "RedWine", "parent": 1, "lft": 2, "rght": 3, "tree_id": 1, "level": 1}}, {"model": "product.category", "pk": 5, "fields": {"name": "WhiteWine", "parent": 1, "lft": 4, "rght": 5, "tree_id": 1, "level": 1}}, {"model": "product.category", "pk": 6, "fields": {"name": "Vodka", "parent": 3, "lft": 2, "rght": 3, "tree_id": 3, "level": 1}}, {"model": "product.category", "pk": 7, "fields": {"name": "Whiskey", "parent": 3, "lft": 4, "rght": 5, "tree_id": 3, "level": 1}}, {"model": "product.category", "pk": 8, "fields": {"name": "Gin", "parent": 3, "lft": 6, "rght": 7, "tree_id": 3, "level": 1}}, {"model": "product.category", "pk": 9, "fields": {"name": "Lager", "parent": 2, "lft": 2, "rght": 3, "tree_id": 2, "level": 1}}, {"model": "product.category", "pk": 10, "fields": {"name": "HardSeltzer", "parent": 2, "lft": 4, "rght": 5, "tree_id": 2, "level": 1}}, {"model": "product.drink", "pk": 1, "fields": {"category": 6, "name": "Tito's Handmade Vodka", "description": "Founded by sixth-generation Texan, Tito Beveridge, Tito’s Handmade Vodka is known for its high-quality product, charitable contributions, and goal to make people happy while making the world a better place. From the start, Tito got a kick out of infusing vodka for friends and quickly became known as “the vodka guy.” With a dream to do what he loved, and a dog by his side, he pursued a career in the spirits industry, risking it all until he sold his first case. Over twenty-five years later, Tito’s Handmade Vodka has stayed true to its roots and is designed to be savored by both spirit connoisseurs and those who enjoy a simple cocktail. Our gluten-free, low-calorie* vodka is American-made, unflavored, and distilled using old-fashioned copper pot stills, inspired by the distillation methods of fine single malt scotches and high-end French cognacs. Over 25 years later, the process remains the same; Tito’s is made in batches, with each batch taste-tested, and goes down smooth with an impeccably clean finish. From a Bloody Mary at brunch, a martini at cocktail hour, or a simple Tito’s and soda with friends – just add Tito’s and enjoy! Distilled and bottled on the same land in Austin, Texas, Tito’s Handmade Vodka is made from 100% corn and is naturally gluten-free. Available in Liter, 1.75L, 750mL, 375mL, 200mL, and 50mL sizes. For more information, visit titosvodka.com. *(Average Analysis per 1.5oz Tito’s Handmade Vodka: 98 calories, Carbohydrates 0 grams, Protein 0 grams, Fat 0 grams)", "featured": true}}, {"model": "product.drink", "pk": 2, "fields": {"category": 6, "name": "Grey Goose Vodka", "description": "Grey Goose Vodka is a premium vodka, born of an extraordinary passion for spirit-making. It is created using only the finest French ingredients – the highest-grade wheat and pristine limestone-filtered spring water. It is a spirit of uncommon brilliance, unrivaled craftsmanship and signature smoothness and is an excellent choice as a gift.Grey Goose Vodka has an exquisite clear, fresh and elegantly aromatic taste. This is a premium vodka of unparalleled smoothness and exceptional taste, with subtle hints of almond and a long, satisfying finish.Grey Goose Vodka has an exquisite clear, fresh and elegantly aromatic taste. This is a premium vodka of unparalleled smoothness and exceptional taste, with subtle hints of almond and a long, satisfying finish.", "featured": true}}, {"model": "product.drink", "pk": 3, "fields": {"category": 7, "name": "Jameson Irisih Whiskey", "description": "Jameson Irish whiskey is a triple-distilled blended Irish whiskey, as versatile as it is smooth. First, we take the best of pot still and fine grain whiskeys. Then we triple distill them. Not because we have to, because we want to - this gives Jameson its signature smoothness. This tradition began in 1780 with John Jameson, and we continue his legacy to this day. Finally, we age our whiskey in oak casks for a minimum of 4 years. The result? A unique whiskey with a perfect balance of spicy, nutty and vanilla notes with hints of sweet sherry. We always like to say that everything you need to know about Jameson is right here - either on our bottle or in our bottle - encapsulating our full story. The label features our family crest and motto. Proclaiming ‘Sine Metu', it means ‘Without Fear'. It's the reason John Jameson first triple distilled Irish whiskey, creating Jameson Irish Whiskey as we know it. So in the spirit of Sine Metu, let us take you on a journey. Pull up a chair…", "featured": true}}, {"model": "product.drink", "pk": 4, "fields": {"category": 7, "name": "Hibiki Japanese Harmony Whisky", "description": "Given the name, it should come as no surprise that Hibiki Japanese Harmony Whisky is a harmonious blend of Japanese craftsmanship. Considered the paragon of Japanese whisky, Hibiki is a unique blend of several malt and grain whiskies that are meticulously added, resulting in an orchestra of aromas and flavors. Hibiki is the culmination of the Japanese art of blending and expert craftsmanship, with a healthy heaping of luxury thrown in for good measure. The brand was launched in 1989 to celebrate the brand Suntory's 90th birthday, and it's become Japan's most highly awarded blended whisky of all time. More than that, Hibiki takes the honor of being among the most prestigious whiskies the world over.", "featured": false}}, {"model": "product.drink", "pk": 5, "fields": {"category": 8, "name": "Bombay Sapphire Gin ", "description": "Bombay Sapphire is a world famous gin known for its distinctive blue bottle. Every drop contains 10 hand-selected botanicals from exotic locations around the world. The most versatile gin for cocktail creativity. Perfectly balanced, bright and fresh. A fresh, balanced taste with bright citrus notes. Each sip features notes of juniper, citrus coriander, peppers and spices. BOMBAY SAPPHIRE Gin goes well in a martini cocktail or Tom Collins", "featured": true}}, {"model": "product.drink", "pk": 6, "fields": {"category": 4, "name": "La Crema Monterey Pinot Noir", "description": "Sourced from select vineyards in Monterey, California, La Crema’s Monterey Pinot Noir is an easy drinking and charming red wine with dark red fruit flavors and light touches of toasted oak. Crafted with boutique winemaking techniques and aged in oak barrels for a minimum of eight months, this medium-bodied red wine offers robust fruit flavors and subtle savory notes along with a supple mouthfeel. La Crema Monterey Pinot Noir is a silky, cool-climate Pinot Noir perfect for your next Wine Wednesday. The black plum, cherry and earth aromas open in this red wine to flavors of raspberry and mineral. Richly textured with juicy, balanced acidity and integrated toasted spice. Pair with pulled pork sandwiches, charcuterie, salmon and pork loin. This bottle features a convenient screw cap for fresh wine and easy pouring. This bottled pinot noir is 13.5% alcohol by volume. The black plum, cherry and earth aromas open in this red wine to flavors of raspberry and mineral. Richly textured with juicy, balanced acidity and integrated toasted spice.", "featured": false}}, {"model": "product.drink", "pk": 7, "fields": {"category": 4, "name": "Silver Palm Cabernet Sauvigon", "description": "The Silver Palm California Cabernet Sauvignon is a luscious and smooth red wine with bright fruit flavors and rich, savory notes. This full-bodied California Cabernet red wine is aged in a mix of French and American oak barrels and offers concentrated flavors, firm tannins, and a silky texture. Silver Palm is sourced from select coastal vineyards in California chosen for their ability to produce a seductive expression of Cabernet Sauvignon. This dark ruby red wine has aromas of black currant, anise, tobacco, and chocolate. Flavors of blackberry, cherry, cocoa and toasty oak are complemented by soft tannins, and a silky, lingering finish. Pair with roasted duck, filet mignon, or grilled sausages. This bottled California cabernet sauvignon is 13.5% alcohol by volume. This dark ruby red wine has aromas of black currant, anise, tobacco, and chocolate. Flavors of blackberry, cherry, cocoa and toasty oak are complemented by soft tannins, and a silky, lingering finish", "featured": false}}, {"model": "product.drink", "pk": 8, "fields": {"category": 5, "name": "La Crema Monterey Chardonnay", "description": "Sourced from select vineyards in Monterey, California, La Crema’s Monterey Chardonnay is a fresh and light white wine with bright citrus and exotic fruit notes. Crafted with boutique winemaking techniques and aged in a mix of oak barrels and stainless-steel tanks, this medium-bodied white wine offers freshness and spritzy acidity in every sip. La Crema Monterey Chardonnay is a classic cool-climate California chardonnay and a compelling option for your next gathering. This juicy white wine displays a wonderful array of fruits, with Meyer Lemon, passionfruit and grilled pineapple, which are complemented by a touch of spice and minerality on the palate. Pair with grilled salmon, fresh shrimp tacos and exotic cuisine such as Pad Thai. This bottle features a convenient screw cap for fresh wine and easy pouring. This bottled chardonnay is 13.5% alcohol by volume. This juicy white wine displays a wonderful array of fruits, with Meyer Lemon, passionfruit and grilled pineapple, which are complemented by a touch of spice and minerality on the palate", "featured": false}}, {"model": "product.drink", "pk": 9, "fields": {"category": 9, "name": "Michelob Ultr", "description": "Michelob ULTRA is a superior light beer that is made for those living active and balanced lifestyles. This light lager is brewed with Herkules hops and wholesome grains, creating exceptional taste and a crisp, refreshing finish. Not only is this American beer made with no artificial colors or flavors, but it has just 95 calories and 2.6 grams of carbs per serving; by drinking Michelob ULTRA, you can enjoy a cold beer without compromising your active lifestyle. Enjoy these slim cans of beer during dinner, social gatherings or get-togethers that call for refreshing drinks. The handle on this 24 pack of beer cans makes it easy to transport with you anywhere.", "featured": true}}, {"model": "product.drink", "pk": 10, "fields": {"category": 9, "name": "Corona Extra Lager Mexican beer", "description": "Corona Extra Mexican Lager Beer is an even-keeled imported beer with aromas of fruity-honey and a touch of malt. Brewed in Mexico since 1925, this lager beer's flavor is refreshing, crisp, and well-balanced between hops and malt. Made from the finest-quality blend of filtered water, malted barley, hops, corn, and yeast, Corona Extra Beer has a refreshing, smooth taste that offers the perfect balance between heavier European import beer and lighter domestic beer. This Mexican lager style beer is a great summer beer; enjoy it with friends at your next barbecue, beach day, tailgate, or evening get-together. A smooth-drinking beer, Corona Extra cerveza contains 148 calories* and 4.6% alcohol by volume. *Per 12 fl. oz. serving of average analysis: Calories 148, Carbs 13.9 grams, Protein 1.2 grams, Fat 0 grams. Relax responsibly®. Corona Extra® Beer. Imported by Crown Imports, Chicago, IL", "featured": false}}, {"model": "product.drink", "pk": 11, "fields": {"category": 10, "name": "Smirnoff Seltzer Red, White, and Berry", "description": "Red, White, & Berry - Enjoy the blend of tart cherry, citrus overtones and blue raspberry flavors with ZERO SUGAR, natural flavors, only 90 calories, and just 1g of carbs.", "featured": false}}, {"model": "product.drink", "pk": 12, "fields": {"category": 10, "name": "White Claw Hard Seltzer Variety Pack No. 2", "description": "Passion Fruit, Lemon, Watermelon and Tangerine", "featured": false}}, {"model": "product.product", "pk": 1, "fields": {"drink": 1, "size": "750 ml bottle", "image_url": "https://products3.imgix.drizly.com/mi-titos-handmade-vodka-b1d060bfe62b88cf.png?auto=format%2Ccompress&ch=Width%2CDPR&fm=jpg&q=20", "featured": false}}, {"model": "product.product", "pk": 2, "fields": {"drink": 1, "size": "1L bottle", "image_url": "https://products0.imgix.drizly.com/mi-titos-handmade-vodka-0609a550b75a34ce.png?auto=format%2Ccompress&ch=Width%2CDPR&fm=jpg&q=20", "featured": false}}, {"model": "product.product", "pk": 3, "fields": {"drink": 1, "size": "1.75L bottle", "image_url": "https://products2.imgix.drizly.com/mi-titos-handmade-vodka-c402ec279a71e748.png?auto=format%2Ccompress&ch=Width%2CDPR&fm=jpg&q=20", "featured": false}}, {"model": "product.product", "pk": 4, "fields": {"drink": 2, "size": "750 ml bottle", "image_url": "https://products2.imgix.drizly.com/mi-grey-goose-vodka-9fa706a36db125b2.jpeg?auto=format%2Ccompress&ch=Width%2CDPR&fm=jpg&q=20", "featured": false}}, {"model": "product.product", "pk": 5, "fields": {"drink": 2, "size": "1L bottle", "image_url": "https://products2.imgix.drizly.com/mi_6531.jpg?auto=format%2Ccompress&ch=Width%2CDPR&fm=jpg&q=20", "featured": false}}, {"model": "product.product", "pk": 6, "fields": {"drink": 2, "size": "1.75L bottle", "image_url": "https://products3.imgix.drizly.com/mi-grey-goose-vodka-717e17624c3686a3.png?auto=format%2Ccompress&ch=Width%2CDPR&fm=jpg&q=20", "featured": false}}, {"model": "product.product", "pk": 7, "fields": {"drink": 3, "size": "750 ml bottle", "image_url": "https://products1.imgix.drizly.com/mi-jameson-irish-whiskey-82b484bbddc00ce7.jpeg?auto=format%2Ccompress&ch=Width%2CDPR&fm=jpg&q=20", "featured": false}}, {"model": "product.product", "pk": 8, "fields": {"drink": 3, "size": "1L bottle", "image_url": "https://products1.imgix.drizly.com/mi-jameson-irish-whiskey-49fd5567b09cbab5.jpeg?auto=format%2Ccompress&ch=Width%2CDPR&fm=jpg&q=20", "featured": false}}, {"model": "product.product", "pk": 9, "fields": {"drink": 3, "size": "1.75L bottle", "image_url": "https://products3.imgix.drizly.com/mi-jameson-irish-whiskey-3ef59983b27725fc.jpeg?auto=format%2Ccompress&ch=Width%2CDPR&fm=jpg&q=20", "featured": false}}, {"model": "product.product", "pk": 10, "fields": {"drink": 4, "size": "750 ml bottle", "image_url": "https://products1.imgix.drizly.com/mi-hibik-suntory-japanese-harmony-whiskey-2ef291c9d3f2f903.png?auto=format%2Ccompress&ch=Width%2CDPR&fm=jpg&q=20", "featured": false}}, {"model": "product.product", "pk": 11, "fields": {"drink": 5, "size": "750 ml bottle", "image_url": "https://products0.imgix.drizly.com/mi-bombay-sapphire-e19fcc9320155903.png?auto=format%2Ccompress&ch=Width%2CDPR&fm=jpg&q=20", "featured": false}}, {"model": "product.product", "pk": 12, "fields": {"drink": 5, "size": "1.75L bottle", "image_url": "https://products3.imgix.drizly.com/mi-bombay-sapphire-dcbf74a44f0617af.png?auto=format%2Ccompress&ch=Width%2CDPR&fm=jpg&q=20", "featured": false}}, {"model": "product.product", "pk": 13, "fields": {"drink": 6, "size": "750 ml bottle", "image_url": "https://products3.imgix.drizly.com/mi-la-crema-pinot-noir-monterey-d8b85141900b12b0.jpeg?auto=format%2Ccompress&ch=Width%2CDPR&fm=jpg&q=20", "featured": false}}, {"model": "product.product", "pk": 14, "fields": {"drink": 7, "size": "750 ml bottle", "image_url": "https://products2.imgix.drizly.com/mi-silver-palm-cabernet-sauvignon-d00edff8751a840b.jpeg?auto=format%2Ccompress&ch=Width%2CDPR&fm=jpg&q=20", "featured": false}}, {"model": "product.product", "pk": 15, "fields": {"drink": 8, "size": "750 ml bottle", "image_url": "https://products3.imgix.drizly.com/mi-la-crema-monterey-chardonnay-5d4552dcc5c0cb02.jpeg?auto=format%2Ccompress&ch=Width%2CDPR&fm=jpg&q=20", "featured": false}}, {"model": "product.product", "pk": 16, "fields": {"drink": 9, "size": "6x 12oz bottles", "image_url": "https://products1.imgix.drizly.com/mi-michelob-ultra-745496ff78f517e0.jpeg?auto=format%2Ccompress&ch=Width%2CDPR&fm=jpg&q=20", "featured": false}}, {"model": "product.product", "pk": 17, "fields": {"drink": 9, "size": "12x 12oz Cans", "image_url": "https://products2.imgix.drizly.com/mi-michelob-ultra-4fef1e83b8a4595c.jpeg?auto=format%2Ccompress&ch=Width%2CDPR&fm=jpg&q=20", "featured": false}}, {"model": "product.product", "pk": 18, "fields": {"drink": 10, "size": "12x 12oz Cans", "image_url": "https://products3.imgix.drizly.com/mi-corona-extra-c899c4c342087f0f.jpeg?auto=format%2Ccompress&ch=Width%2CDPR&fm=jpg&q=20", "featured": false}}, {"model": "product.product", "pk": 19, "fields": {"drink": 10, "size": "12x 12oz Bottles", "image_url": "https://products3.imgix.drizly.com/mi-corona-extra-ed31583db8d03ef5.jpeg?auto=format%2Ccompress&ch=Width%2CDPR&fm=jpg&q=20", "featured": false}}, {"model": "product.product", "pk": 20, "fields": {"drink": 11, "size": "12x 12oz Cans", "image_url": "https://products3.imgix.drizly.com/mi-smirnoff-seltzer-red-white-and-berry-59efbbb8444d7e0d.png?auto=format%2Ccompress&ch=Width%2CDPR&fm=jpg&q=20", "featured": false}}, {"model": "product.product", "pk": 21, "fields": {"drink": 12, "size": "12x 12oz Cans", "image_url": "https://products2.imgix.drizly.com/mi-white-claw-variety-no2-9c2703f0ca688498.png?auto=format%2Ccompress&ch=Width%2CDPR&fm=jpg&q=20", "featured": false}}, {"model": "product.product", "pk": 22, "fields": {"drink": 12, "size": "24x 12oz Cans", "image_url": "https://products2.imgix.drizly.com/mi-white-claw-variety-no2-9c2703f0ca688498.png?auto=format%2Ccompress&ch=Width%2CDPR&fm=jpg&q=20", "featured": false}}, {"model": "product.product", "pk": 23, "fields": {"drink": 12, "size": "36x 12oz Cans", "image_url": "https://products2.imgix.drizly.com/mi-white-claw-variety-no2-9c2703f0ca688498.png?auto=format%2Ccompress&ch=Width%2CDPR&fm=jpg&q=20", "featured": false}}, {"model": "product.productstoreinfo", "pk": 1, "fields": {"store": 1, "product": 1, "price": "21.99", "stock": 20}}, {"model": "product.productstoreinfo", "pk": 2, "fields": {"store": 2, "product": 1, "price": "26.99", "stock": 5}}, {"model": "product.productstoreinfo", "pk": 3, "fields": {"store": 1, "product": 2, "price": "27.99", "stock": 14}}, {"model": "product.productstoreinfo", "pk": 4, "fields": {"store": 2, "product": 2, "price": "27.99", "stock": 12}}, {"model": "product.productstoreinfo", "pk": 5, "fields": {"store": 1, "product": 3, "price": "34.99", "stock": 10}}, {"model": "product.productstoreinfo", "pk": 6, "fields": {"store": 2, "product": 3, "price": "36.99", "stock": 11}}, {"model": "product.productstoreinfo", "pk": 7, "fields": {"store": 1, "product": 4, "price": "29.99", "stock": 9}}, {"model": "product.productstoreinfo", "pk": 8, "fields": {"store": 2, "product": 4, "price": "24.99", "stock": 26}}, {"model": "product.productstoreinfo", "pk": 9, "fields": {"store": 1, "product": 5, "price": "35.99", "stock": 6}}, {"model": "product.productstoreinfo", "pk": 10, "fields": {"store": 2, "product": 5, "price": "33.99", "stock": 16}}, {"model": "product.productstoreinfo", "pk": 11, "fields": {"store": 1, "product": 6, "price": "43.99", "stock": 8}}, {"model": "product.productstoreinfo", "pk": 12, "fields": {"store": 2, "product": 6, "price": "41.99", "stock": 30}}, {"model": "product.productstoreinfo", "pk": 13, "fields": {"store": 1, "product": 7, "price": "35.99", "stock": 5}}, {"model": "product.productstoreinfo", "pk": 14, "fields": {"store": 2, "product": 7, "price": "38.99", "stock": 16}}, {"model": "product.productstoreinfo", "pk": 15, "fields": {"store": 1, "product": 8, "price": "54.00", "stock": 13}}, {"model": "product.productstoreinfo", "pk": 16, "fields": {"store": 2, "product": 8, "price": "51.00", "stock": 25}}, {"model": "product.productstoreinfo", "pk": 17, "fields": {"store": 1, "product": 9, "price": "67.99", "stock": 6}}, {"model": "product.productstoreinfo", "pk": 18, "fields": {"store": 2, "product": 9, "price": "68.99", "stock": 15}}, {"model": "product.productstoreinfo", "pk": 19, "fields": {"store": 1, "product": 10, "price": "128.99", "stock": 16}}, {"model": "product.productstoreinfo", "pk": 20, "fields": {"store": 2, "product": 10, "price": "125.99", "stock": 13}}, {"model": "product.productstoreinfo", "pk": 21, "fields": {"store": 1, "product": 11, "price": "24.99", "stock": 29}}, {"model": "product.productstoreinfo", "pk": 22, "fields": {"store": 2, "product": 11, "price": "24.99", "stock": 23}}, {"model": "product.productstoreinfo", "pk": 23, "fields": {"store": 1, "product": 12, "price": "54.99", "stock": 19}}, {"model": "product.productstoreinfo", "pk": 24, "fields": {"store": 2, "product": 12, "price": "59.99", "stock": 11}}, {"model": "product.productstoreinfo", "pk": 25, "fields": {"store": 1, "product": 13, "price": "23.00", "stock": 23}}, {"model": "product.productstoreinfo", "pk": 26, "fields": {"store": 2, "product": 13, "price": "26.00", "stock": 25}}, {"model": "product.productstoreinfo", "pk": 27, "fields": {"store": 1, "product": 14, "price": "21.00", "stock": 22}}, {"model": "product.productstoreinfo", "pk": 28, "fields": {"store": 2, "product": 14, "price": "16.00", "stock": 9}}, {"model": "product.productstoreinfo", "pk": 29, "fields": {"store": 1, "product": 15, "price": "18.99", "stock": 22}}, {"model": "product.productstoreinfo", "pk": 30, "fields": {"store": 2, "product": 15, "price": "14.99", "stock": 24}}, {"model": "product.productstoreinfo", "pk": 31, "fields": {"store": 1, "product": 16, "price": "10.00", "stock": 20}}, {"model": "product.productstoreinfo", "pk": 32, "fields": {"store": 2, "product": 16, "price": "9.00", "stock": 6}}, {"model": "product.productstoreinfo", "pk": 33, "fields": {"store": 1, "product": 17, "price": "19.99", "stock": 19}}, {"model": "product.productstoreinfo", "pk": 34, "fields": {"store": 2, "product": 17, "price": "14.99", "stock": 29}}, {"model": "product.productstoreinfo", "pk": 35, "fields": {"store": 1, "product": 18, "price": "18.76", "stock": 29}}, {"model": "product.productstoreinfo", "pk": 36, "fields": {"store": 2, "product": 18, "price": "19.76", "stock": 19}}, {"model": "product.productstoreinfo", "pk": 37, "fields": {"store": 1, "product": 19, "price": "22.99", "stock": 9}}, {"model": "product.productstoreinfo", "pk": 38, "fields": {"store": 2, "product": 19, "price": "18.99", "stock": 23}}, {"model": "product.productstoreinfo", "pk": 39, "fields": {"store": 1, "product": 20, "price": "20.99", "stock": 22}}, {"model": "product.productstoreinfo", "pk": 40, "fields": {"store": 2, "product": 20, "price": "18.99", "stock": 30}}, {"model": "product.productstoreinfo", "pk": 41, "fields": {"store": 1, "product": 21, "price": "19.99", "stock": 22}}, {"model": "product.productstoreinfo", "pk": 42, "fields": {"store": 2, "product": 21, "price": "20.99", "stock": 23}}, {"model": "product.productstoreinfo", "pk": 43, "fields": {"store": 1, "product": 22, "price": "42.99", "stock": 23}}, {"model": "product.productstoreinfo", "pk": 44, "fields": {"store": 2, "product": 22, "price": "47.99", "stock": 28}}, {"model": "product.productstoreinfo", "pk": 45, "fields": {"store": 1, "product": 23, "price": "63.99", "stock": 5}}, {"model": "product.productstoreinfo", "pk": 46, "fields": {"store": 2, "product": 23, "price": "60.99", "stock": 8}}, {"model": "stores.store", "pk": 1, "fields": {"user": 1, "name": "arjun's alc", "location": "54 sample st, NJ", "available": true}}, {"model": "stores.store", "pk": 2, "fields": {"user": 2, "name": "dev's alc", "location": "1 sample st, NJ", "available": true}}]